{"file": "Diabetes_Model/2021-05-17/diabetes_model.pkl", "cols": ["Pregnancies", "PlasmaGlucose", "DiastolicBloodPressure", "TricepsThickness", "SerumInsulin", "BMI", "DiabetesPedigree", "Age"], "classNames": ["not-diabetic", "diabetic"], "featureStats": [{"Pregnancies": {"count": 10000.0, "mean": 3.2558, "std": 3.4057196379950074, "min": 0.0, "25%": 0.0, "50%": 2.0, "75%": 6.0, "max": 14.0}, "PlasmaGlucose": {"count": 10000.0, "mean": 107.8502, "std": 31.920909360565563, "min": 44.0, "25%": 84.0, "50%": 105.0, "75%": 129.0, "max": 192.0}, "DiastolicBloodPressure": {"count": 10000.0, "mean": 71.2075, "std": 16.801478289640706, "min": 24.0, "25%": 58.0, "50%": 72.0, "75%": 85.0, "max": 117.0}, "TricepsThickness": {"count": 10000.0, "mean": 28.8176, "std": 14.506480415228332, "min": 7.0, "25%": 15.0, "50%": 31.0, "75%": 41.0, "max": 92.0}, "SerumInsulin": {"count": 10000.0, "mean": 139.2436, "std": 133.77791937465278, "min": 14.0, "25%": 39.0, "50%": 85.0, "75%": 197.0, "max": 796.0}, "BMI": {"count": 10000.0, "mean": 31.56702174359113, "std": 9.804365693559113, "min": 18.20080735, "25%": 21.247426835, "50%": 31.922420785, "75%": 39.3289214475, "max": 56.03462763}, "DiabetesPedigree": {"count": 10000.0, "mean": 0.40094372473119916, "std": 0.38146315998608793, "min": 0.078043795, "25%": 0.13706541025000002, "50%": 0.199698294, "75%": 0.62115837325, "max": 2.3015941890000002}, "Age": {"count": 10000.0, "mean": 30.1341, "std": 12.106046952960462, "min": 21.0, "25%": 22.0, "50%": 24.0, "75%": 35.0, "max": 77.0}}], "targetStats": [{"0": 66.56, "1": 33.44}]}